DROP DATABASE IF EXISTS `db_bkdpsdm`;
CREATE DATABASE `db_bkdpsdm`;
USE `db_bkdpsdm`;

CREATE TABLE `user` (
    id INT NOT NULL AUTO_INCREMENT,
    username VARCHAR(255) NOT NULL UNIQUE,
    password VARCHAR(255) NOT NULL,
    status ENUM('ADMIN','PEGAWAI', 'PIMPINAN') NOT NULL,
    PRIMARY KEY (id)
);

INSERT INTO `user` (`id`, `username`, `password`, `status`) VALUES
(1, '198604072011012007', '198604072011012007', 'ADMIN'),
(2, '199410302018081001', '199410302018081001', 'PIMPINAN'),
(3, '196104151986081003', '196104151986081003', 'PEGAWAI'),
(4, '199510011970210001', '199510011970210001', 'ADMIN'),
(5, '196608121989022002', '196608121989022002', 'ADMIN'),
(6, '196703071986012001', '196703071986012001', 'PEGAWAI'),
(7, '196603171987031012', '196603171987031012', 'PEGAWAI'),
(8, '197605072031210005', '197605072031210005', 'PEGAWAI'),
(9, '196910131992310060', '196910131992310060', 'PEGAWAI'),
(10, '199601101890230001', '199601101890230001', 'PEGAWAI'),
(11, '197809041993031004', '197809041993031004', 'PEGAWAI'),
(12, '197110052000031004', '197110052000031004', 'PEGAWAI'),
(13, '196205311986031001', '196205311986031001', 'PEGAWAI'),
(14, '198012032006041001', '198012032006041001', 'PEGAWAI'),
(15, '198204282007042001', '198204282007042001', 'PEGAWAI'),
(16, '199009042015032004', '199009042015032004', 'PEGAWAI'),
(17, '199505242009121003', '199505242009121003', 'PEGAWAI'),
(18, '197901162009042004', '197901162009042004', 'PEGAWAI'),
(19, '19850125200601001', '19850125200601001', 'PEGAWAI'),
(20, '197507052006041003', '197507052006041003', 'PEGAWAI'),
(21, '198005122006041008', '198005122006041008', 'PEGAWAI'),
(22, '198202222006041002', '198202222006041002', 'PEGAWAI'),
(27, '198910052006042002', '198910052006042002', 'PEGAWAI'),
(29, '196706052006042002', '196706052006042002', 'PEGAWAI'),
(30, '198610272015031003', '198610272015031003', 'PEGAWAI'),
(31, '199106012015031003', '199106012015031003', 'PEGAWAI'),
(32, '198209142006042003', '198209142006042003', 'PEGAWAI'),
(33, '198112172009122003', '198112172009122003', 'PEGAWAI'),
(34, '198212172009122003', '198212172009122003', 'PEGAWAI'),
(35, '197902272006041002', '197902272006041002', 'PEGAWAI'),
(36, '198101142006041007', '198101142006041007', 'PEGAWAI'),
(37, '198108022006042014', '198108022006042014', 'PEGAWAI'),
(38, '197108122006041002', '197108122006041002', 'PEGAWAI'),
(39, '196803051989032001', '196803051989032001', 'PEGAWAI'),
(40, '198208272006042003', '198208272006042003', 'PEGAWAI'),
(41, '198909052006042002', '198909052006042002', 'PEGAWAI'),
(42, '199012172009122003', '199012172009122003', 'PEGAWAI'),
(43, '199402272006041002', '199402272006041002', 'PEGAWAI'),
(44, '199101142006041007', '199101142006041007', 'PEGAWAI'),
(45, '198101022006042014', '198101022006042014', 'PEGAWAI'),
(46, '198008122006041002', '198008122006041002', 'PEGAWAI'),
(47, '199010051989032001', '199010051989032001', 'PEGAWAI'),
(48, '198212302006042003', '198212302006042003', 'PEGAWAI'),
(49, '198912232006042002', '198912232006042002', 'PEGAWAI'),
(50, '199112172009122003', '199112172009122003', 'PEGAWAI'),
(51, '198002272006041002', '198002272006041002', 'PEGAWAI'),
(53, '197101142006041007', '197101142006041007', 'PEGAWAI'),
(54, '197108022006042014', '197108022006042014', 'PEGAWAI'),
(55, '198108122006041002', '198108122006041002', 'PEGAWAI'),
(56, '197803051989032001', '197803051989032001', 'PEGAWAI'),
(57, '199208272006042003', '199208272006042003', 'PEGAWAI'),
(58, '197310272000031005', '197310272000031005', 'PEGAWAI'),
(59, '197503201993111003', '197503201993111003', 'PEGAWAI'),
(60, '196301181986081002', '196301181986081002', 'PEGAWAI'),
(61, '196407271986081004', '196407271986081004', 'PEGAWAI'),
(62, '196710051995122003', '196710051995122003', 'PEGAWAI'),
(63, '196103151987101002', '196103151987101002', 'PEGAWAI'),
(64, '196112031984061001', '196112031984061001', 'PEGAWAI'),
(65, '197304221998022007', '197304221998022007', 'PEGAWAI'),
(66, '196707151989021002', '196707151989021002', 'PEGAWAI'),
(67, '196810171989021001', '196810171989021001', 'PEGAWAI'),
(68, '196605021986011001', '196605021986011001', 'PEGAWAI'),
(69, '196602041990031015', '196602041990031015', 'PEGAWAI'),
(70, '197102122007012020', '197102122007012020', 'PEGAWAI'),
(71, '197102252007012011', '197102252007012011', 'PEGAWAI'),
(72, '197201202007012011', '197201202007012011', 'PEGAWAI'),
(73, '197402182007012013', '197402182007012013', 'PEGAWAI'),
(74, '198510091986031018', '198510091986031018', 'PEGAWAI'),
(75, '198504011992031003', '198504011992031003', 'PEGAWAI'),
(76, '197209232007011010', '197209232007011010', 'PEGAWAI'),
(77, '197202112007011014', '197202112007011014', 'PEGAWAI'),
(78, '197912082009011002', '197912082009011002', 'PEGAWAI'),
(79, '198010102009011005', '198010102009011005', 'PEGAWAI'),
(80, '198007152008012026', '198007152008012026', 'PEGAWAI'),
(81, '198001082008012022', '198001082008012022', 'PEGAWAI');


CREATE TABLE `pegawai` (
    id INT NOT NULL AUTO_INCREMENT,
    id_user INT NOT NULL,
    nip VARCHAR(255) NOT NULL,
    nama VARCHAR(255) NOT NULL,
    pangkat VARCHAR(255) NOT NULL,
    golongan VARCHAR(255) NOT NULL,
    nomor_telepon VARCHAR(255) NOT NULL,
    tmt DATE NOT NULL,
    jabatan VARCHAR(255) NOT NULL,
    unit_kerja VARCHAR(255) NOT NULL,
    tanggal_lahir DATE NOT NULL,
    gambar VARCHAR(255) NOT NULL,
    PRIMARY KEY (id),
    FOREIGN KEY (id_user) REFERENCES user (id)
);

INSERT INTO `pegawai` (`id`, `id_user`, `nip`, `nama`, `pangkat`, `golongan`, `nomor_telepon`, `tmt`, `jabatan`, `unit_kerja`, `tanggal_lahir`, `gambar`) VALUES
(1, 1, '198604072011012007', 'Erma Yunita S.Pd', 'Penata Muda Tk.I', 'III/b', '085753445678', '2014-10-01', 'Guru Muda', 'SMPN 2 SUNGAI TABUK', '1986-04-07', 'uploads/202207160043261.jpg'),
(2, 2, '199410302018081001', 'Muhammad Pauji, S.STP', 'Penata Muda', 'III/a', '087756908544', '2020-10-01', 'Analisis Tata Praja', 'Biro Kepegawaian', '1994-10-30', ''),
(3, 3, '196104151986081003', 'Sarbani S.E., M.A.P', 'Pembina Utama Muda', 'IV/c', '082134567800', '2015-02-10', 'Kepala Badan', 'Badan Kepegawaian Daerah Pengembangan Sumber Daya Manusia Kab.Banjar', '1961-04-15', ''),
(4, 4, '199510011970210001', 'Muhammad Ardian S.Pd', 'Penata Muda', 'III/a', '085367908766', '2014-01-01', 'Pengelola kepegawaian', '', '1995-10-01', ''),
(5, 5, '196608121989022002', 'Erna Marlina M.Pd', 'Pembina Tk.I', 'IV/b', '081321446790', '2016-01-12', 'Guru Madya', 'SMAN 1 MATARAMAN', '1966-08-12', ''),
(6, 6, '196703071986012001', 'Pina Oktavia S.Sos. M.Pd', 'Pembina', 'IV/a', '085351445231', '2015-12-01', 'Kepala Bidang Pengembangan Pendidikan', 'Dinas Pendidikan ', '1967-03-07', 'uploads/202207160042541.jpg'),
(7, 7, '196603171987031012', 'Muzazi,S.Sos. M.M', 'Pembina', 'IV/a', '085251237655', '2014-12-01', 'Kabid Bina Pendidik dan Tenaga Pendidikan', 'Dinas Pendidikan Kab.Banjar', '1966-03-17', ''),
(8, 8, '197605072031210005', 'Rahmad Renaldi ST', 'Pembina', 'IV/b', '083189076657', '2019-01-10', 'Kepala Dinas', 'Dinas Pendidikan Kab.Banjar', '1976-05-07', ''),
(9, 9, '196910131992310060', 'Reza Maulana S.Pd', 'Penata Tk.I', 'III/b', '085377908765', '2015-08-13', 'Kepala Sub Bagian Umum dan Aparatur', 'Kecamatan Putussibau Utara', '1969-10-13', ''),
(10, 10, '199601101890230001', 'Hamdiah S.Pd', 'Penata Muda Tk.I', 'III/a', '089766907866', '0000-00-00', 'Penata Laporan Keuangan', 'Dinas Pendidikan Kab.Kapuas Hulu', '1996-01-10', ''),
(11, 11, '197809041993031004', 'Drs. Arief Hidayat, S.H., M.M.', 'Pembina Utama Muda ', 'IV/c', '08213455679088', '2018-10-01', ' Kasubag Keuangan dan Aset', 'Dinas Pendidikan', '1978-09-04', 'uploads/202207151218511.jpg'),
(12, 12, '197110052000031004', 'Nursalam, SH., MM', 'pembina', 'IV/a', '085378564566', '2018-10-10', 'Kasi Kurikulum dan Penilaian Bidang Pembinaan SMP', 'Dinas Pendidikan ', '1971-10-05', 'uploads/202207151221161.jpg'),
(13, 13, '196205311986031001', 'M. Adil Wirawan Kaboel, S.Pd', 'pembina', 'IV/a', '082245780989', '2018-02-12', 'KEPALA BIDANG PEMBINAAN SEKOLAH DASAR III.b', 'DInas Pendidikan', '1962-05-31', 'uploads/202207151223351.jpg'),
(14, 14, '198012032006041001', 'Nur Hasanah, S.Sos', 'penata', 'III/b', '089789076543', '1980-01-15', 'PERANCANG SARANA & PRASARANA PENDIDIKAN Non-Esl.', 'DInas Pendidikan', '1980-01-28', 'uploads/202207151225311.jpg'),
(15, 15, '198204282007042001', 'Fitriyani, S.Pd', 'Penata tk.I', 'III/d', '082234879000', '2018-10-03', 'Guru Muda', 'SMPN 1 Sungai Tabuk', '1982-04-28', 'uploads/202207151227281.jpg'),
(16, 16, '199009042015032004', 'Halimi, M.Pd', 'Pembina', 'IV/a', '085345900878', '2018-01-01', 'Guru Madya', 'SMKN 1 Martapura', '1990-09-04', 'uploads/202207151229001.png'),
(17, 17, '199505242009121003', 'Reza Dwi Ardianto, S.Pd', 'Penata Muda', 'III/a', '085345779012', '2018-10-11', 'Guru Pertama', 'SDN Astambul', '1995-05-24', 'uploads/202207151231101.jpg'),
(18, 18, '197901162009042004', 'Nurhayati, S.Pd', 'Penata ', 'III/c', '082156789908', '2018-02-20', 'Guru Muda', 'SDN Martapura 1', '1979-01-16', 'uploads/202207151232431.jpg'),
(19, 19, '19850125200601001', 'Hidayatullah, S.Sos', 'Penata Muda', 'III/a', '085345098878', '2018-01-01', 'ANALIS KINERJA', 'Dinas Sosial', '1985-01-25', 'uploads/202207151333491.jpg'),
(20, 20, '197507052006041003', 'Milawati, Sos', 'Penata', 'III/c', '089767541232', '2020-01-01', 'PENATA KEUANGAN', 'Dinas Perhubungan', '1975-07-05', 'uploads/202207151336231.jpg'),
(21, 21, '198005122006041008', 'Fathul Rahmad, S.Sos M.Pd', 'Pembina Tk.I', 'IV/b', '085768003421', '2018-01-03', 'PENGAWAS SEKOLAH MADYA ', 'DInas Pendidikan', '1980-05-12', 'uploads/202207151338561.jpg'),
(22, 22, '198202222006041002', 'Hariyadi, M.Pd', 'Pembina', 'Iv/a', '085345779000', '2018-01-11', 'PENATA KEUANGAN DISDIK ', 'DInas Pendidikan', '1982-02-22', 'uploads/202207151340311.jpg'),
(24, 27, '198910052006042002', 'LIANA PENNY, ST, MS', 'Pembina', 'IV/a', '087790342101', '2020-06-01', 'PENYUSUN PROGRAM PENGEMBANGAN PENDIDIKAN ANAK USIA DINI', 'DInas Pendidikan', '1989-10-05', 'uploads/202207160037031.jpg'),
(25, 29, '196706052006042002', 'Muhammad Semman, M.Pd', 'Pembina Tk.I', 'IV/b', '085766432341', '2019-10-01', 'PENGADMINISTRASI KEUANGAN', 'Dinas Kehutanan', '1967-05-06', 'uploads/202207160042021.jpg'),
(26, 30, '198610272015031003', 'Siti Zuleha, S.Pd', 'PENATA MUDA TK. I', 'III/b', '', '2019-09-01', 'PENYUSUN DATA PESERTA DIDIK', 'Dinas Pendidikan', '1986-10-27', 'uploads/202207160048411.jpeg'),
(27, 31, '199106012015031003', 'Mursinah, S.Pd', 'Penata Muda', 'III/a', '089766122142', '2019-05-01', 'PENGELOLA KEPEGAWAIAN', 'Dinas Kehutanan', '1991-01-06', 'uploads/202207160050181.png'),
(28, 32, '198209142006042003', 'Muhammad Hafiz, S.Pd', 'Penata Muda Tk.I ', 'III/b', '085378436478', '2018-12-01', 'PENGELOLA KEPEGAWAIAN PTK SD', 'DInas Pendidikan', '1982-09-14', 'uploads/202207160052141.webp'),
(29, 34, '198212172009122003', 'AHMAD SURIANSYAH, M.Pd', 'Pembina', 'IV/a', '085367920178', '2019-06-01', 'Staf Subbag Anggaran dan Perbendaharaan', 'Staf Subbag Anggaran dan Perbendaharaan', '1982-12-17', 'uploads/202207160056361.jpg'),
(30, 35, '197902272006041002', 'AHMAD SAINI, M.Pd', 'Pembina', 'IV/a', '085345209852', '2019-08-01', 'ANALIS KEBIJAKAN', 'Sekertariat Daerah', '1979-02-27', 'uploads/202207160058151.jpg'),
(31, 36, '198101142006041007', 'H. HAMDAN KASIRA, S.Sos, MAP', 'Pembina', 'IV/a', '085222346543', '2020-01-04', ' INSPEKTUR PEMBANTU WILAYAH II III.a', 'Inspektorat', '1981-10-11', 'uploads/202207160059371.jpg'),
(32, 37, '198108022006042014', 'Wijayanti, SH.', 'Penata Tk.I', 'III/d', '085754329901', '2019-01-01', 'PENGELOLA REKAYASA LALU LINTAS', 'Dinas Perhubungan', '1981-08-02', 'uploads/202207160101391.jpeg'),
(33, 38, '197108122006041002', 'Endah Purnamasari, S.Kom', 'Penata Tk.I', 'III/d', '085734780090', '2019-09-01', 'PENYUSUN KEBUTUHAN PERLENGKAPAN JALAN', 'Dinas Perhubungan', '1971-08-12', 'uploads/202207160103591.jpeg'),
(34, 39, '196803051989032001', 'Fadhli Setianto, SE.', 'Pembina Tk.I', 'IV/b', '085234670340', '2019-03-01', ' KEPALA BIDANG ANGKUTAN DAN KESELAMATAN PERHUBUNGAN DARAT III.b', 'Dinas Perhubungan', '0196-03-05', 'uploads/202207160105321.jpg'),
(35, 40, '198208272006042003', 'Nursanti, SH., MM.', 'Pembina Tk.I', 'IV/b', '089765212987', '2019-10-01', 'KEPALA SEKSI ANGKUTAN JALAN IV.a', 'Dinas Perhubungan', '1982-08-27', 'uploads/202207160106541.jpg'),
(36, 41, '198909052006042002', 'Fitriya Wati, ST, MS', 'Pembina', 'Iv/a', '087790342101', '2020-06-01', 'PENGELOLA SISTEM INFORMASI MANAJEMEN KEPEGAWAIAN', 'Dinas Kehutanan', '1989-09-05', 'uploads/202207161356241.jpg'),
(37, 42, '199012172009122003', 'MUHAMAD Habibi, M.Pd', 'Pembina', 'IV/a', '085367920178', '2018-06-01', 'PENYUSUN PROGRAM ANGGARAN DAN PELAPORAN', 'Dinas Sosial', '1990-11-21', 'uploads/202207161358241.jpg'),
(38, 43, '199402272006041002', 'AHMAD SAIDI, M.Pd', 'Pembina', 'IV/a', '085345209852', '2017-08-01', 'ANALIS KEBIJAKAN', 'Sekertariat Daerah', '1994-02-27', 'uploads/202207161406211.jpg'),
(39, 44, '199101142006041007', 'HAMIDI KASIRA, S.Sos, MAP', 'Pembina', 'IV/a', '085222346543', '2014-04-01', ' INSPEKTUR PEMBANTU WILAYAH II III.a', 'Inspektorat', '1991-01-14', 'uploads/202207161408031.jpg'),
(40, 45, '198101022006042014', 'Wijayanti Astuti, SH.', 'Penta Tk.I', 'III/d', '085754329901', '2020-01-01', 'PENGELOLA REKAYASA LALU LINTAS', 'Dinas Perhubungan', '1981-01-02', 'uploads/202207161409201.jpg'),
(41, 46, '198008122006041002', 'Indah Purnamasari, S.Kom', 'Penata Tk.I', 'III/d', '085734780090 ', '2018-09-01', 'PENYUSUN KEBUTUHAN PERLENGKAPAN JALAN', 'Dinas Perhubungan', '1980-08-12', 'uploads/202207161410331.jpg'),
(42, 47, '199010051989032001', 'MuhammadFadhli, SE.', 'Pembina Tk.I', 'IV/b', '085234670340', '2018-09-01', ' KEPALA BIDANG ANGKUTAN DAN KESELAMATAN PERHUBUNGAN DARAT III.b', 'Dinas Perhubungan', '1990-10-05', 'uploads/202207161412551.jpg'),
(43, 48, '198212302006042003', 'Muhammad Salim, SH., MM.', 'Pembina Tk.I', 'IV/b', '089765212987', '2020-10-01', 'KEPALA SEKSI ANGKUTAN JALAN IV.a', 'Dinas Perhubungan', '1982-12-30', 'uploads/202207161420141.jpg'),
(44, 49, '198912232006042002', 'LIANA PENNY, ST, MS', 'Pembina', 'Iv/a', '089795442098', '2020-06-01', 'PNS TUGAS BELAJAR', 'DInas Pendidikan', '1989-12-23', 'uploads/202207161440091.jpg'),
(45, 50, '199112172009122003', 'AHMAD SURIANSYAH, M.Pd', ' Penata Tk.I', 'III/d', '085334231580', '2019-06-01', 'KEPALA SEKSI PEMBINAAN, DATA, INFORMASI TENAGA PERPUSTAKAAN DAN PEMBUDAYAAN KEGEMARAN MEMBACA IV.a', 'Perpustakaan dan Kearsipan', '1991-12-17', 'uploads/202207161442521.jpg'),
(46, 51, '198002272006041002', 'AHMAD SANI, M.Pd', 'Pembina', 'IV/a', '085302334567', '2019-08-01', 'KEPALA SUB BAGIAN UMUM DAN KEPEGAWAIAN', 'Dinas Perpustakaan dan Kearsipan', '1980-02-27', 'uploads/202207161446051.jpg'),
(47, 53, '197101142006041007', 'HAMDANI, S.Sos', 'Penata Muda', 'III/a', '085253445671', '2020-04-01', 'PUSTAKAWAN PELAKSANA LANJUTAN ', 'Dinas Perpustakaan dan Kearsipan', '1971-01-14', 'uploads/202207161449311.jpg'),
(48, 54, '197108022006042014', 'Wijayanti Putri, SH.', 'Penta Tk.I', 'III/d', '085753998090', '2019-01-01', 'ANALIS KEBIJAKAN MUDA', 'Dinas Kependudukan dan Pencatatan Sipil', '1971-08-02', 'uploads/202207161452511.jpg'),
(49, 55, '198108122006041002', 'Endah Purnamasari, S.Kom', 'Penata Tk.I', 'III/d', '085753445678', '2018-09-01', 'Guru Muda', 'SMKN 1 Martapura', '1981-08-12', 'uploads/202207161458331.jpg'),
(50, 56, '197803051989032001', 'Fadhli Setianto, SE', 'Pembina Tk.I', 'IV/b', '085221223456', '2019-03-01', 'Guru Madya', 'SMAN 2 Martapura', '1978-03-05', 'uploads/202207161500291.jpg'),
(51, 57, '199208272006042003', 'Raihanah, M.Pd', 'Penata', 'III/c', '08312345890', '2019-10-01', 'Guru Muda', 'SDN Pasar Jati 1', '1992-08-27', 'uploads/202207161502151.jpg'),
(52, 58, '197310272000031005', 'H AHMAD FITRIADI FAZRIANNOOR,SH, M.Hum', 'penata', 'III/c', '082145679089', '2018-04-01', 'PNS TUGAS BELAJAR', 'Dinas Pendidikan Kab Kotabaru', '1973-07-15', 'uploads/202207161546021.jpg'),
(53, 59, '197503201993111003', 'MUHAMMAD MAULIDIANSYAH , 2 AP,M.S', 'penata', 'III/c', '085310701635', '2020-04-01', 'KEPALA SEKSI PEMBINAAN, DATA, INFORMASI TENAGA PERPUSTAKAAN DAN PEMBUDAYAAN KEGEMARAN MEMBACA IV.a', 'Perpustakaan dan Kearsipan Kab pelahari', '1975-03-20', 'uploads/202207161547301.jpg'),
(54, 60, '196301181986081002', 'MARKIJAN , S.Pd.SD', 'Pembina', 'IV/a', '085255075241', '2020-04-01', 'KEPALA SUB BAGIAN UMUM DAN KEPEGAWAIAN', 'Dinas Perikanan Kotabaru', '1963-05-02', 'uploads/202207161549051.jpg'),
(55, 61, '196407271986081004', 'H HUSMAN , S.Pd', 'Penata muda', 'III/d', '089792316764 	', '2018-08-01', 'Guru Muda', 'SMPN 1 Marabahan', '1964-07-27', 'uploads/202207161550251.jpg'),
(56, 62, '196710051995122003', 'Dra.Hj BAHRIANA ', 'Penta muda', 'III/d', '083321907156', '2019-06-01', 'ANALIS KEBIJAKAN MUDA', 'Dinas Pendidikan kab barito selatan', '1967-10-05', 'uploads/202207161552001.jpg'),
(57, 63, '196103151987101002', 'MARJANA , S.P', 'Pembina ', 'IV/a', '089890114377', '2018-04-01', 'Guru Madya', 'SMKN 1 Kandangan', '1961-03-15', 'uploads/202207161553301.jpg'),
(58, 64, '196112031984061001', 'PURLIANA , S.Pd', 'Pembina Tk.I', 'IV/b', '085353334801', '2018-08-01', 'Guru Madya', 'SMAN 1 Banjarbaru', '1961-12-03', 'uploads/202207161559281.jpg'),
(59, 65, '197304221998022007', 'SITI MASDALIFAH  , S.Pd 		', 'Penata', 'III/c', '089593450979', '2018-11-01', 'Guru Muda', 'SMPN 1 Banjarmasin', '1973-04-22', 'uploads/202207161601151.jpg'),
(60, 66, '196707151989021002', 'M. Yani, SE', 'penata', 'III/c', '082145679089', '2020-05-01', 'PNS TUGAS BELAJAR', 'Dinas Pendidikan Kapuas', '1967-12-07', 'uploads/202207161915471.jpg'),
(61, 67, '196810171989021001', 'Edy Bardianto, SE', 'Penata', 'III/c', '085310701635', '2020-03-01', 'KEPALA SEKSI PEMBINAAN, DATA, INFORMASI TENAGA PERPUSTAKAAN DAN PEMBUDAYAAN KEGEMARAN MEMBACA IV.a', 'Perpustakaan dan Kearsipan Pontianak', '1968-12-10', 'uploads/202207161917551.jpg'),
(62, 68, '196605021986011001', 'Atkhan, SE, M.Si', 'Pembina', 'Iv/a', '085255075241', '2019-09-01', 'KEPALA SUB BAGIAN UMUM DAN KEPEGAWAIAN', 'Dinas Perikanan muawara teweh', '1966-05-02', 'uploads/202207161919221.jpg'),
(63, 69, '196602041990031015', 'Sopian, S.Sos, M.Si', 'Penata Muda', 'III/d', '089792316766', '2020-08-01', 'Guru Muda', 'SMPN 1 sampit', '1966-02-04', 'uploads/202207161921271.jpg'),
(64, 70, '197102122007012020', 'oslindawaty, SH', 'Penata muda', 'III/d', '083321907156', '2019-02-12', 'ANALIS KEBIJAKAN MUDA', 'Dinas Pendidikan kab barito selatan', '1971-02-12', 'uploads/202207161930301.jpg'),
(65, 71, '197102252007012011', 'Nurhasanah, SE', 'Pembina ', 'Iv/a', '089890114377', '2018-04-01', 'Guru Madya', 'SMKN 1 Muara Teweh', '1971-02-25', 'uploads/202207161932241.jpg'),
(66, 72, '197201202007012011', 'Eka Rini Elvianti, SP', 'Pembina Tk.I', 'IV/b', '085353334801', '2019-08-01', 'Guru Madya', 'SMAN 1 Kuala Kapuas', '1972-01-20', 'uploads/202207161934301.jpg'),
(67, 73, '197402182007012013', 'Surti Femita  Shanti, SP', 'Penata', 'III/c', '089593450979', '2018-11-01', 'Guru Muda', 'SMPN 1 Samarinda', '1974-12-02', 'uploads/202207161936351.jpg'),
(68, 74, '198510091986031018', 'Rasyid Andi Sarib, SE', 'Pembina', 'Iv/a', '082345679089', '2020-06-01', 'PNS TUGAS BELAJAR', 'Dinas Pendidikan', '1985-10-09', 'uploads/202207162027081.jpg'),
(69, 75, '198504011992031003', 'Hildaria Fitriana, SP ', 'Penata Tk.I', 'III/d', '085210701635 ', '2020-06-01', 'KEPALA SEKSI PEMBINAAN, DATA, INFORMASI TENAGA PERPUSTAKAAN DAN PEMBUDAYAAN KEGEMARAN MEMBACA IV.a', 'Perpustakaan dan Kearsipan', '1985-04-01', 'uploads/202207162028471.jpg'),
(70, 76, '197209232007011010', 'Sri Wahyuni, SE', 'Pembina', 'Iv/a', '085355075241', '2019-08-01', 'KEPALA SUB BAGIAN UMUM DAN KEPEGAWAIAN', 'Dinas Perikanan', '1972-09-23', 'uploads/202207162030381.jpg'),
(71, 77, '197202112007011014', 'Fahri Arianto, SE', 'Penata Tk.I', 'III/d', '089692316764', '2019-04-01', 'Guru Muda', 'SMPN 1 Sungai Tabuk', '1972-02-11', 'uploads/202207162032061.jpg'),
(72, 78, '197912082009011002', 'Hesti Sri Darmeswari, SP', 'Penta Tk.I', 'III/d', '083121907156', '2019-01-01', 'ANALIS KEBIJAKAN MUDA', 'Dinas Pendidikan', '1979-12-08', 'uploads/202207162033271.jpg'),
(73, 79, '198010102009011005', 'Arif Sabtamiharja, S.Hut', 'Pembina ', 'Iv/a', '089790114377', '2019-09-01', 'Guru Madya', 'SMKN 1 Martapura', '1980-10-10', 'uploads/202207162034521.jpg'),
(74, 80, '198007152008012026', 'Ani Wahyuni, S.Sos', 'Pembina Tk.I', 'IV/b', '085253334801', '2019-03-01', 'Guru Madya', 'SMA 1 Gambut', '1980-07-05', 'uploads/202207162036311.jpg'),
(75, 81, '198001082008012022', 'Taufiq Kurrahman , S.Hut', 'Penata', 'III/c', '089293450979', '2019-10-01', 'Guru Muda', 'SDN Sekumpul 1', '1980-01-08', 'uploads/202207162037481.jpg');

CREATE TABLE `kenaikan_pangkat_otomatis` (
    id INT NOT NULL AUTO_INCREMENT,
    id_pegawai INT NOT NULL,
    periode VARCHAR(255) NOT NULL,
    surat_pengantar_skpd VARCHAR(255) NOT NULL,
    sk_pangkat_terakhir VARCHAR(255) NOT NULL,
    skp_tahun_terakhir VARCHAR(255) NOT NULL,
    sk_pindah_tempat_tugas VARCHAR(255) NOT NULL,
    stlu VARCHAR(255) NOT NULL,
    ijazah_transkip_nilai VARCHAR(255) NOT NULL,
    sk_cpns_pns VARCHAR(255) NOT NULL,
    tanggal_pengajuan DATETIME NOT NULL,
    tanggal_verifikasi DATETIME NULL,
    tanggal_selesai DATETIME NULL,
    status ENUM('PENGAJUAN', 'DITERIMA', 'DITOLAK', 'SELESAI') NOT NULL,
    keterangan TEXT NULL,
    sk_kenaikan_pangkat VARCHAR(255) NULL,
    PRIMARY KEY(id),
    FOREIGN KEY (id_pegawai) REFERENCES pegawai (id)
);

INSERT INTO `kenaikan_pangkat_otomatis` (`id`, `id_pegawai`, `periode`, `surat_pengantar_skpd`, `sk_pangkat_terakhir`, `skp_tahun_terakhir`, `sk_pindah_tempat_tugas`, `stlu`, `ijazah_transkip_nilai`, `sk_cpns_pns`, `tanggal_pengajuan`, `tanggal_verifikasi`, `tanggal_selesai`, `status`, `keterangan`, `sk_kenaikan_pangkat`) VALUES
(1, 3, 'Oktober', 'uploads/202207141351551.pdf', 'uploads/202207141351552.pdf', 'uploads/202207141351553.pdf', 'uploads/202207141351554.pdf', 'uploads/202207141351555.pdf', 'uploads/202207141351556.pdf', 'uploads/202207141351557.pdf', '2022-07-14 13:51:55', '2022-07-14 13:57:34', NULL, 'DITOLAK', '', NULL),
(2, 11, 'April', 'uploads/202207151234021.pdf', 'uploads/202207151234022.pdf', 'uploads/202207151234023.pdf', 'uploads/202207151234024.pdf', 'uploads/202207151234025.pdf', 'uploads/202207151234026.pdf', 'uploads/202207151234027.pdf', '2022-07-15 12:34:02', '2022-07-15 12:38:40', '2022-07-15 12:40:19', 'SELESAI', '', 'uploads/202207151240198.pdf'),
(3, 12, 'April', 'uploads/202207151235391.pdf', 'uploads/202207151235392.pdf', 'uploads/202207151235393.pdf', 'uploads/202207151235394.pdf', 'uploads/202207151235395.pdf', 'uploads/202207151235396.pdf', 'uploads/202207151235397.pdf', '2022-07-15 12:35:39', '2022-07-15 12:38:33', '2022-07-15 12:40:06', 'SELESAI', '', 'uploads/202207151240068.pdf'),
(4, 13, 'April', 'uploads/202207151237051.pdf', 'uploads/202207151237052.pdf', 'uploads/202207151237053.pdf', 'uploads/202207151237054.pdf', 'uploads/202207151237055.pdf', 'uploads/202207151237056.pdf', 'uploads/202207151237057.pdf', '2022-07-15 12:37:05', '2022-07-15 12:38:27', '2022-07-15 12:39:53', 'SELESAI', '', 'uploads/202207151239538.pdf'),
(5, 14, 'April', 'uploads/202207151242321.pdf', 'uploads/202207151242322.pdf', 'uploads/202207151242323.pdf', 'uploads/202207151242324.pdf', 'uploads/202207151242325.pdf', 'uploads/202207151242326.pdf', 'uploads/202207151242327.pdf', '2022-07-15 12:42:32', '2022-07-15 12:47:39', '2022-07-15 12:50:50', 'SELESAI', 'Lengkap', 'uploads/202207151250508.pdf'),
(6, 15, 'Oktober', 'uploads/202207151243261.pdf', 'uploads/202207151243262.pdf', 'uploads/202207151243263.pdf', 'uploads/202207151243264.pdf', 'uploads/202207151243265.pdf', 'uploads/202207151243266.pdf', 'uploads/202207151243267.pdf', '2022-07-15 12:43:26', '2022-07-15 12:47:50', '2022-07-15 12:51:21', 'SELESAI', 'Lengkap', 'uploads/202207151251218.pdf'),
(7, 16, 'Oktober', 'uploads/202207151244331.pdf', 'uploads/202207151244332.pdf', 'uploads/202207151244333.pdf', 'uploads/202207151244334.pdf', 'uploads/202207151244335.pdf', 'uploads/202207151244336.pdf', 'uploads/202207151244337.pdf', '2022-07-15 12:48:53', '2022-07-15 12:49:38', '2022-07-15 12:51:34', 'SELESAI', 'Lengkap', 'uploads/202207151251348.pdf'),
(8, 17, 'Oktober', 'uploads/202207151245221.pdf', 'uploads/202207151245222.pdf', 'uploads/202207151245223.pdf', 'uploads/202207151245224.pdf', 'uploads/202207151245225.pdf', 'uploads/202207151245226.pdf', 'uploads/202207151245227.pdf', '2022-07-15 12:45:22', '2022-07-15 12:48:28', '2022-07-15 12:51:47', 'SELESAI', 'Lengkap', 'uploads/202207151251478.pdf'),
(9, 18, 'Oktober', 'uploads/202207151246181.pdf', 'uploads/202207151246182.pdf', 'uploads/202207151246183.pdf', 'uploads/202207151246184.pdf', 'uploads/202207151246185.pdf', 'uploads/202207151246186.pdf', 'uploads/202207151246187.pdf', '2022-07-15 12:46:18', '2022-07-15 12:47:19', '2022-07-15 12:50:35', 'SELESAI', 'lengkap', 'uploads/202207151250358.pdf');


CREATE TABLE `kenaikan_pangkat_struktural` (
    id INT NOT NULL AUTO_INCREMENT,
    id_pegawai INT NOT NULL,
    periode VARCHAR(255) NOT NULL,
    surat_pengantar_skpd VARCHAR(255) NOT NULL,
    sk_pangkat_terakhir VARCHAR(255) NOT NULL,
    sk_jabatan_spmj_spp_spmt VARCHAR(255) NOT NULL,
    ijazah_transkip_nilai VARCHAR(255) NOT NULL,
    skp VARCHAR(255) NOT NULL,
    tanggal_pengajuan DATETIME NOT NULL,
    tanggal_verifikasi DATETIME NULL,
    tanggal_selesai DATETIME NULL,
    status ENUM('PENGAJUAN', 'DITERIMA', 'DITOLAK', 'SELESAI') NOT NULL,
    keterangan TEXT NULL,
    sk_kenaikan_pangkat VARCHAR(255) NULL,
    PRIMARY KEY(id),
    FOREIGN KEY (id_pegawai) REFERENCES pegawai (id)
);

INSERT INTO `kenaikan_pangkat_struktural` (`id`, `id_pegawai`, `periode`, `surat_pengantar_skpd`, `sk_pangkat_terakhir`, `sk_jabatan_spmj_spp_spmt`, `ijazah_transkip_nilai`, `skp`, `tanggal_pengajuan`, `tanggal_verifikasi`, `tanggal_selesai`, `status`, `keterangan`, `sk_kenaikan_pangkat`) VALUES
(1, 3, 'Oktober', 'uploads/202207141352361.pdf', 'uploads/202207141352362.pdf', 'uploads/202207141352363.pdf', 'uploads/202207141352364.pdf', 'uploads/202207141352365.pdf', '2022-07-14 13:52:36', '2022-07-14 13:57:54', '2022-07-14 13:59:41', 'SELESAI', '', 'uploads/202207141359416.pdf'),
(2, 19, 'April', 'uploads/202207160109331.pdf', 'uploads/202207160109332.pdf', 'uploads/202207160109333.pdf', 'uploads/202207160109334.pdf', 'uploads/202207160109335.pdf', '2022-07-16 01:09:33', '2022-07-16 12:30:10', '2022-07-16 12:49:35', 'SELESAI', 'Lengkap', 'uploads/202207161249356.pdf'),
(3, 20, 'April', 'uploads/202207160110151.pdf', 'uploads/202207160110152.pdf', 'uploads/202207160110153.pdf', 'uploads/202207160110154.pdf', 'uploads/202207160110155.pdf', '2022-07-16 01:10:15', '2022-07-16 12:30:26', '2022-07-16 12:50:09', 'SELESAI', 'Lengkap', 'uploads/202207161250096.pdf'),
(4, 21, 'April', 'uploads/202207160111001.pdf', 'uploads/202207160111002.pdf', 'uploads/202207160111003.pdf', 'uploads/202207160111004.pdf', 'uploads/202207160111005.pdf', '2022-07-16 01:11:00', '2022-07-16 12:30:36', '2022-07-16 12:50:37', 'SELESAI', 'Lengkap', 'uploads/202207161250376.pdf'),
(5, 22, 'April', 'uploads/202207160111381.pdf', 'uploads/202207160111382.pdf', 'uploads/202207160111383.pdf', 'uploads/202207160111384.pdf', 'uploads/202207160111385.pdf', '2022-07-16 01:11:38', '2022-07-16 12:30:43', '2022-07-16 12:57:21', 'SELESAI', 'Lengkap', 'uploads/202207161257216.pdf'),
(6, 25, 'Oktober', 'uploads/202207160112131.pdf', 'uploads/202207160112132.pdf', 'uploads/202207160112133.pdf', 'uploads/202207160112134.pdf', 'uploads/202207160112135.pdf', '2022-07-16 01:12:13', '2022-07-16 12:30:17', '2022-07-16 12:49:55', 'SELESAI', 'Lengkap', 'uploads/202207161249556.pdf'),
(7, 26, 'Oktober', 'uploads/202207160112521.pdf', 'uploads/202207160112522.pdf', 'uploads/202207160112523.pdf', 'uploads/202207160112524.pdf', 'uploads/202207160112525.pdf', '2022-07-16 01:12:52', '2022-07-16 12:30:59', '2022-07-16 12:51:05', 'SELESAI', 'Lengkap', 'uploads/202207161251056.pdf'),
(8, 27, 'Oktober', 'uploads/202207160113281.pdf', 'uploads/202207160113282.pdf', 'uploads/202207160113283.pdf', 'uploads/202207160113284.pdf', 'uploads/202207160113285.pdf', '2022-07-16 01:13:28', '2022-07-16 12:31:05', '2022-07-16 12:51:33', 'SELESAI', 'Lengkap', 'uploads/202207161251336.pdf'),
(9, 28, 'Oktober', 'uploads/202207160114011.pdf', 'uploads/202207160114012.pdf', 'uploads/202207160114013.pdf', 'uploads/202207160114014.pdf', 'uploads/202207160114015.pdf', '2022-07-16 01:14:01', '2022-07-16 12:30:50', '2022-07-16 12:50:49', 'SELESAI', 'Lengkap', 'uploads/202207161250496.pdf');


CREATE TABLE `kenaikan_pangkat_fungsional` (
    id INT NOT NULL AUTO_INCREMENT,
    id_pegawai INT NOT NULL,
    periode VARCHAR(255) NOT NULL,
    surat_pengantar_skpd VARCHAR(255) NOT NULL,
    pak_asli VARCHAR(255) NOT NULL,
    pak_sebelumnya VARCHAR(255) NOT NULL,
    sk_pangkat_terakhir VARCHAR(255) NOT NULL,
    sk_pengangkatan_jabatan_fungsional VARCHAR(255) NOT NULL,
    sk_pindah_tempat_tugas VARCHAR(255) NOT NULL,
    ijazah_transkip_nilai VARCHAR(255) NOT NULL,
    ktp VARCHAR(255) NOT NULL,
    tanggal_pengajuan DATETIME NOT NULL,
    tanggal_verifikasi DATETIME NULL,
    tanggal_selesai DATETIME NULL,
    status ENUM('PENGAJUAN', 'DITERIMA', 'DITOLAK', 'SELESAI') NOT NULL,
    keterangan TEXT NULL,
    sk_kenaikan_pangkat VARCHAR(255) NULL,
    PRIMARY KEY(id),
    FOREIGN KEY (id_pegawai) REFERENCES pegawai (id)
);

INSERT INTO `kenaikan_pangkat_fungsional` (`id`, `id_pegawai`, `periode`, `surat_pengantar_skpd`, `pak_asli`, `pak_sebelumnya`, `sk_pangkat_terakhir`, `sk_pengangkatan_jabatan_fungsional`, `sk_pindah_tempat_tugas`, `ijazah_transkip_nilai`, `ktp`, `tanggal_pengajuan`, `tanggal_verifikasi`, `tanggal_selesai`, `status`, `keterangan`, `sk_kenaikan_pangkat`) VALUES
(1, 3, 'April', 'uploads/202207141353201.pdf', 'uploads/202207141353202.pdf', 'uploads/202207141353203.pdf', 'uploads/202207141353204.pdf', 'uploads/202207141353205.pdf', 'uploads/202207141353206.pdf', 'uploads/202207141353207.pdf', 'uploads/202207141353208.pdf', '2022-07-14 13:53:20', '2022-07-14 13:58:09', '2022-07-16 12:59:02', 'SELESAI', '', 'uploads/202207161259029.pdf'),
(2, 24, 'April', 'uploads/202207160114581.pdf', 'uploads/202207160114582.pdf', 'uploads/202207160114583.pdf', 'uploads/202207160114584.pdf', 'uploads/202207160114585.pdf', 'uploads/202207160114586.pdf', 'uploads/202207160114587.pdf', 'uploads/202207160114588.pdf', '2022-07-16 01:14:58', '2022-07-16 12:32:03', '2022-07-16 13:01:43', 'SELESAI', 'Lengkap', 'uploads/202207161301439.pdf'),
(3, 29, 'April', 'uploads/202207160115551.pdf', 'uploads/202207160115552.pdf', 'uploads/202207160115553.pdf', 'uploads/202207160115554.pdf', 'uploads/202207160115555.pdf', 'uploads/202207160115556.pdf', 'uploads/202207160115557.pdf', 'uploads/202207160115558.pdf', '2022-07-16 01:15:55', '2022-07-16 12:31:58', '2022-07-16 13:01:28', 'SELESAI', 'Lengkap', 'uploads/202207161301289.pdf'),
(4, 30, 'April', 'uploads/202207161219271.pdf', 'uploads/202207161219272.pdf', 'uploads/202207161219273.pdf', 'uploads/202207161219274.pdf', 'uploads/202207161219275.pdf', 'uploads/202207161219276.pdf', 'uploads/202207161219277.pdf', 'uploads/202207161219278.pdf', '2022-07-16 12:19:28', '2022-07-16 12:31:31', '2022-07-16 13:00:24', 'SELESAI', 'Lengkap', 'uploads/202207161300249.pdf'),
(5, 31, 'April', 'uploads/202207161222411.pdf', 'uploads/202207161222412.pdf', 'uploads/202207161222413.pdf', 'uploads/202207161222414.pdf', 'uploads/202207161222415.pdf', 'uploads/202207161222416.pdf', 'uploads/202207161222417.pdf', 'uploads/202207161222418.pdf', '2022-07-16 12:22:41', '2022-07-16 12:31:39', '2022-07-16 13:00:44', 'SELESAI', 'Lengkap', 'uploads/202207161300449.pdf'),
(6, 32, 'Oktober', 'uploads/202207161225011.pdf', 'uploads/202207161225012.pdf', 'uploads/202207161225013.pdf', 'uploads/202207161225014.pdf', 'uploads/202207161225015.pdf', 'uploads/202207161225016.pdf', 'uploads/202207161225017.pdf', 'uploads/202207161225018.pdf', '2022-07-16 12:25:01', '2022-07-16 12:31:44', '2022-07-16 13:00:59', 'SELESAI', 'Lengkap', 'uploads/202207161300599.pdf'),
(7, 33, 'Oktober', 'uploads/202207161226041.pdf', 'uploads/202207161226042.pdf', 'uploads/202207161226043.pdf', 'uploads/202207161226044.pdf', 'uploads/202207161226045.pdf', 'uploads/202207161226046.pdf', 'uploads/202207161226047.pdf', 'uploads/202207161226048.pdf', '2022-07-16 12:26:04', '2022-07-16 12:31:26', '2022-07-16 13:00:11', 'SELESAI', 'Lengkap', 'uploads/202207161300119.pdf'),
(8, 34, 'Oktober', 'uploads/202207161227001.pdf', 'uploads/202207161227002.pdf', 'uploads/202207161227003.pdf', 'uploads/202207161227004.pdf', 'uploads/202207161227005.pdf', 'uploads/202207161227006.pdf', 'uploads/202207161227007.pdf', 'uploads/202207161227008.pdf', '2022-07-16 12:27:00', '2022-07-16 12:31:19', '2022-07-16 12:59:33', 'SELESAI', 'Lengkap', 'uploads/202207161259339.pdf'),
(9, 35, 'Oktober', 'uploads/202207161227561.pdf', 'uploads/202207161227562.pdf', 'uploads/202207161227563.pdf', 'uploads/202207161227564.pdf', 'uploads/202207161227565.pdf', 'uploads/202207161227566.pdf', 'uploads/202207161227567.pdf', 'uploads/202207161227568.pdf', '2022-07-16 12:27:56', '2022-07-16 12:31:51', '2022-07-16 13:01:14', 'SELESAI', 'Lengkap', 'uploads/202207161301149.pdf');

CREATE TABLE `mutasi_skpd` (
    id INT NOT NULL AUTO_INCREMENT,
    id_pegawai INT NOT NULL,
    surat_pengantar_skpd VARCHAR(255) NOT NULL,
    surat_permohonan_pns VARCHAR(255) NOT NULL,
    sk_cpns_pns_kenaikan_pangkat VARCHAR(255) NOT NULL,
    sk_jabatan_terakhir VARCHAR(255) NOT NULL,
    skp_2_tahun_terakhir VARCHAR(255) NOT NULL,
    izajah_terakhir VARCHAR(255) NOT NULL,
    surat_pernyataan_bebas_hukuman VARCHAR(255) NOT NULL,
    tanggal_pengajuan DATETIME NOT NULL,
    tanggal_verifikasi DATETIME NULL,
    tanggal_selesai DATETIME NULL,
    status ENUM('PENGAJUAN', 'DITERIMA', 'DITOLAK', 'SELESAI') NOT NULL,
    keterangan TEXT NULL,
    nota_usul VARCHAR(255) NULL,
    sk_mutasi VARCHAR(255) NULL,
    PRIMARY KEY(id),
    FOREIGN KEY (id_pegawai) REFERENCES pegawai (id)
);

INSERT INTO `mutasi_skpd` (`id`, `id_pegawai`, `surat_pengantar_skpd`, `surat_permohonan_pns`, `sk_cpns_pns_kenaikan_pangkat`, `sk_jabatan_terakhir`, `skp_2_tahun_terakhir`, `izajah_terakhir`, `surat_pernyataan_bebas_hukuman`, `tanggal_pengajuan`, `tanggal_verifikasi`, `tanggal_selesai`, `status`, `keterangan`, `nota_usul`, `sk_mutasi`) VALUES
(2, 36, 'uploads/202207161422091.pdf', 'uploads/202207161422092.pdf', 'uploads/202207161422093.pdf', 'uploads/202207161422094.pdf', 'uploads/202207161422095.pdf', 'uploads/202207161422096.pdf', 'uploads/202207161422097.pdf', '2022-07-16 14:22:09', '2022-07-16 14:23:03', '2022-07-16 14:34:29', 'SELESAI', 'Lengkap', NULL, 'uploads/202207161434298.pdf'),
(3, 37, 'uploads/202207161424371.pdf', 'uploads/202207161424372.pdf', 'uploads/202207161424373.pdf', 'uploads/202207161424374.pdf', 'uploads/202207161424375.pdf', 'uploads/202207161424376.pdf', 'uploads/202207161424377.pdf', '2022-07-16 14:24:37', '2022-07-16 14:31:05', '2022-07-16 14:34:57', 'SELESAI', 'Lengkap', NULL, 'uploads/202207161434578.pdf'),
(4, 38, 'uploads/202207161425251.pdf', 'uploads/202207161425252.pdf', 'uploads/202207161425253.pdf', 'uploads/202207161425254.pdf', 'uploads/202207161425255.pdf', 'uploads/202207161425256.pdf', 'uploads/202207161425257.pdf', '2022-07-16 14:25:25', '2022-07-16 14:31:20', '2022-07-16 14:35:42', 'SELESAI', 'Lengkap', NULL, 'uploads/202207161435428.pdf'),
(5, 39, 'uploads/202207161426151.pdf', 'uploads/202207161426152.pdf', 'uploads/202207161426153.pdf', 'uploads/202207161426154.pdf', 'uploads/202207161426155.pdf', 'uploads/202207161426156.pdf', 'uploads/202207161426157.pdf', '2022-07-16 14:26:15', '2022-07-16 14:31:12', '2022-07-16 14:35:21', 'SELESAI', 'Lengkap', NULL, 'uploads/202207161435218.pdf'),
(6, 40, 'uploads/202207161427141.pdf', 'uploads/202207161427142.pdf', 'uploads/202207161427143.pdf', 'uploads/202207161427144.pdf', 'uploads/202207161427145.pdf', 'uploads/202207161427146.pdf', 'uploads/202207161427147.pdf', '2022-07-16 14:27:14', '2022-07-16 14:30:30', '2022-07-16 14:34:00', 'SELESAI', 'Lengkap', NULL, 'uploads/202207161434008.pdf'),
(7, 41, 'uploads/202207161428121.pdf', 'uploads/202207161428122.pdf', 'uploads/202207161428123.pdf', 'uploads/202207161428124.pdf', 'uploads/202207161428125.pdf', 'uploads/202207161428126.pdf', 'uploads/202207161428127.pdf', '2022-07-16 14:28:12', '2022-07-16 14:30:20', '2022-07-16 14:33:44', 'SELESAI', 'Lengkap', NULL, 'uploads/202207161433448.pdf'),
(8, 42, 'uploads/202207161429081.pdf', 'uploads/202207161429082.pdf', 'uploads/202207161429083.pdf', 'uploads/202207161429084.pdf', 'uploads/202207161429085.pdf', 'uploads/202207161429086.pdf', 'uploads/202207161429087.pdf', '2022-07-16 14:29:08', '2022-07-16 14:30:52', '2022-07-16 14:34:43', 'SELESAI', 'Lengkap', NULL, 'uploads/202207161434438.pdf'),
(9, 43, 'uploads/202207161429531.pdf', 'uploads/202207161429532.pdf', 'uploads/202207161429533.pdf', 'uploads/202207161429534.pdf', 'uploads/202207161429535.pdf', 'uploads/202207161429536.pdf', 'uploads/202207161429537.pdf', '2022-07-16 14:29:53', '2022-07-16 14:30:41', '2022-07-16 14:34:15', 'SELESAI', 'Lengkap', NULL, 'uploads/202207161434158.pdf'),
(10, 6, 'uploads/202207171251251.pdf', 'uploads/202207171251252.pdf', 'uploads/202207171251253.pdf', 'uploads/202207171251254.pdf', 'uploads/202207171251255.pdf', 'uploads/202207171251256.pdf', 'uploads/202207171251257.pdf', '2022-07-17 12:51:25', NULL, NULL, 'PENGAJUAN', NULL, NULL, NULL);

CREATE TABLE `mutasi` (
    id INT NOT NULL AUTO_INCREMENT,
    id_pegawai INT NOT NULL,
    tujuan_mutasi ENUM('PROVINSI', 'KAB/KOTA') NOT NULL,
    jenis_mutasi ENUM('MASUK', 'KELUAR') NOT NULL,
    surat_pelepasan_penerimaan VARCHAR(255) NOT NULL,
    analisis_jabatan_dan_beban_kerja VARCHAR(255) NOT NULL,
    surat_permohonan VARCHAR(255) NOT NULL,
    sk_cpns_pns_kenaikan_pangkat VARCHAR(255) NOT NULL,
    sk_jabatan_terakhir VARCHAR(255) NOT NULL,
    izajah_terakhir VARCHAR(255) NOT NULL,
    surat_pernyataan_bebas_hukuman VARCHAR(255) NOT NULL,
    surat_keterangan_bebas_temuan VARCHAR(255) NOT NULL,
    surat_pernyataan_bebas_tugas VARCHAR(255) NOT NULL,
    skp_2_tahun_terakhir VARCHAR(255) NOT NULL,
    tanggal_pengajuan DATETIME NOT NULL,
    tanggal_verifikasi DATETIME NULL,
    tanggal_selesai DATETIME NULL,
    status ENUM('PENGAJUAN', 'DITERIMA', 'DITOLAK', 'SELESAI') NOT NULL,
    keterangan TEXT NULL,
    nota_usul VARCHAR(255) NULL,
    sk_mutasi VARCHAR(255) NULL,
    PRIMARY KEY(id),
    FOREIGN KEY (id_pegawai) REFERENCES pegawai (id)
);

INSERT INTO `mutasi` (`id`, `id_pegawai`, `tujuan_mutasi`, `jenis_mutasi`, `surat_pelepasan_penerimaan`, `analisis_jabatan_dan_beban_kerja`, `surat_permohonan`, `sk_cpns_pns_kenaikan_pangkat`, `sk_jabatan_terakhir`, `izajah_terakhir`, `surat_pernyataan_bebas_hukuman`, `surat_keterangan_bebas_temuan`, `surat_pernyataan_bebas_tugas`, `skp_2_tahun_terakhir`, `tanggal_pengajuan`, `tanggal_verifikasi`, `tanggal_selesai`, `status`, `keterangan`, `nota_usul`, `sk_mutasi`) VALUES
(1, 3, 'KAB/KOTA', 'MASUK', 'uploads/202207141355191.pdf', 'uploads/202207141355192.pdf', 'uploads/202207141355193.pdf', 'uploads/202207141355194.pdf', 'uploads/202207141355195.pdf', 'uploads/202207141355196.pdf', 'uploads/202207141355197.pdf', 'uploads/202207141355198.pdf', 'uploads/202207141355199.pdf', 'uploads/2022071413551910.pdf', '2022-07-14 13:55:19', '2022-07-14 13:58:26', '2022-07-14 14:00:11', 'SELESAI', '', 'uploads/2022071414001112.pdf', 'uploads/2022071414001111.pdf'),
(2, 3, 'PROVINSI', 'KELUAR', 'uploads/202207141356491.pdf', 'uploads/202207141356492.pdf', 'uploads/202207141356493.pdf', 'uploads/202207141356494.pdf', 'uploads/202207141356495.pdf', 'uploads/202207141356496.pdf', 'uploads/202207141356497.pdf', 'uploads/202207141356498.pdf', 'uploads/202207141356499.pdf', 'uploads/2022071413564910.pdf', '2022-07-14 13:56:49', '2022-07-16 20:49:15', '2022-07-16 20:49:15', 'SELESAI', 'Lengkap', NULL, NULL),
(4, 50, 'KAB/KOTA', 'KELUAR', 'uploads/202207161505031.pdf', 'uploads/202207161505032.pdf', 'uploads/202207161505033.pdf', 'uploads/202207161505034.pdf', 'uploads/202207161505035.pdf', 'uploads/202207161505036.pdf', 'uploads/202207161505037.pdf', 'uploads/202207161505038.pdf', 'uploads/202207161505039.pdf', 'uploads/2022071615050310.pdf', '2022-07-16 15:05:03', '2022-07-16 15:13:52', '2022-07-16 15:13:52', 'SELESAI', 'Lengkap', NULL, NULL),
(5, 51, 'KAB/KOTA', 'KELUAR', 'uploads/202207161506171.pdf', 'uploads/202207161506172.pdf', 'uploads/202207161506173.pdf', 'uploads/202207161506174.pdf', 'uploads/202207161506175.pdf', 'uploads/202207161506176.pdf', 'uploads/202207161506177.pdf', 'uploads/202207161506178.pdf', 'uploads/202207161506179.pdf', 'uploads/2022071615061710.pdf', '2022-07-16 15:06:17', '2022-07-16 15:14:30', '2022-07-16 15:14:30', 'SELESAI', 'Lengkap', NULL, NULL),
(6, 49, 'KAB/KOTA', 'KELUAR', 'uploads/202207161507221.pdf', 'uploads/202207161507222.pdf', 'uploads/202207161507223.pdf', 'uploads/202207161507224.pdf', 'uploads/202207161507225.pdf', 'uploads/202207161507226.pdf', 'uploads/202207161507227.pdf', 'uploads/202207161507228.pdf', 'uploads/202207161507229.pdf', 'uploads/2022071615072210.pdf', '2022-07-16 15:07:22', '2022-07-16 15:14:11', '2022-07-16 15:14:11', 'SELESAI', 'Lengkap', NULL, NULL),
(7, 48, 'KAB/KOTA', 'KELUAR', 'uploads/202207161508191.pdf', 'uploads/202207161508192.pdf', 'uploads/202207161508193.pdf', 'uploads/202207161508194.pdf', 'uploads/202207161508195.pdf', 'uploads/202207161508196.pdf', 'uploads/202207161508197.pdf', 'uploads/202207161508198.pdf', 'uploads/202207161508199.pdf', 'uploads/2022071615081910.pdf', '2022-07-16 15:08:19', '2022-07-16 15:13:42', '2022-07-16 15:13:42', 'SELESAI', 'Lengkap', NULL, NULL),
(8, 47, 'KAB/KOTA', 'KELUAR', 'uploads/202207161509321.pdf', 'uploads/202207161509322.pdf', 'uploads/202207161509323.pdf', 'uploads/202207161509324.pdf', 'uploads/202207161509325.pdf', 'uploads/202207161509326.pdf', 'uploads/202207161509327.pdf', 'uploads/202207161509328.pdf', 'uploads/202207161509329.pdf', 'uploads/2022071615093210.pdf', '2022-07-16 15:09:32', '2022-07-16 15:13:35', '2022-07-16 15:13:35', 'SELESAI', 'Lengkap', NULL, NULL),
(9, 46, 'KAB/KOTA', 'KELUAR', 'uploads/202207161510411.pdf', 'uploads/202207161510412.pdf', 'uploads/202207161510413.pdf', 'uploads/202207161510414.pdf', 'uploads/202207161510415.pdf', 'uploads/202207161510416.pdf', 'uploads/202207161510417.pdf', 'uploads/202207161510418.pdf', 'uploads/202207161510419.pdf', 'uploads/2022071615104110.pdf', '2022-07-16 15:10:41', '2022-07-16 15:13:59', '2022-07-16 15:13:59', 'SELESAI', 'Lengkap', NULL, NULL),
(10, 45, 'KAB/KOTA', 'KELUAR', 'uploads/202207161511491.pdf', 'uploads/202207161511492.pdf', 'uploads/202207161511493.pdf', 'uploads/202207161511494.pdf', 'uploads/202207161511495.pdf', 'uploads/202207161511496.pdf', 'uploads/202207161511497.pdf', 'uploads/202207161511498.pdf', 'uploads/202207161511499.pdf', 'uploads/2022071615114910.pdf', '2022-07-16 15:11:49', '2022-07-16 15:14:23', '2022-07-16 15:14:23', 'SELESAI', 'Lengkap', NULL, NULL),
(11, 44, 'KAB/KOTA', 'KELUAR', 'uploads/202207161512541.pdf', 'uploads/202207161512542.pdf', 'uploads/202207161512543.pdf', 'uploads/202207161512544.pdf', 'uploads/202207161512545.pdf', 'uploads/202207161512546.pdf', 'uploads/202207161512547.pdf', 'uploads/202207161512548.pdf', 'uploads/202207161512549.pdf', 'uploads/2022071615125410.pdf', '2022-07-16 15:12:54', '2022-07-16 15:14:17', '2022-07-16 15:14:17', 'SELESAI', 'Lengkap', NULL, NULL),
(12, 59, 'KAB/KOTA', 'MASUK', 'uploads/202207161602411.pdf', 'uploads/202207161602412.pdf', 'uploads/202207161602413.pdf', 'uploads/202207161602414.pdf', 'uploads/202207161602415.pdf', 'uploads/202207161602416.pdf', 'uploads/202207161602417.pdf', 'uploads/202207161602418.pdf', 'uploads/202207161602419.pdf', 'uploads/2022071616024110.pdf', '2022-07-16 16:02:41', '2022-07-16 16:12:47', '2022-07-16 19:11:44', 'SELESAI', 'Lengkap', 'uploads/2022071619114412.pdf', 'uploads/2022071619114411.pdf'),
(13, 58, 'KAB/KOTA', 'MASUK', 'uploads/202207161603431.pdf', 'uploads/202207161603432.pdf', 'uploads/202207161603433.pdf', 'uploads/202207161603434.pdf', 'uploads/202207161603435.pdf', 'uploads/202207161603436.pdf', 'uploads/202207161603437.pdf', 'uploads/202207161603438.pdf', 'uploads/202207161603439.pdf', 'uploads/2022071616034310.pdf', '2022-07-16 16:03:43', '2022-07-16 16:12:20', '2022-07-16 19:10:27', 'SELESAI', 'Lengkap', 'uploads/2022071619102712.pdf', 'uploads/2022071619102711.pdf'),
(14, 52, 'KAB/KOTA', 'MASUK', 'uploads/202207161604411.pdf', 'uploads/202207161604412.pdf', 'uploads/202207161604413.pdf', 'uploads/202207161604414.pdf', 'uploads/202207161604415.pdf', 'uploads/202207161604416.pdf', 'uploads/202207161604417.pdf', 'uploads/202207161604418.pdf', 'uploads/202207161604419.pdf', 'uploads/2022071616044110.pdf', '2022-07-16 16:04:41', '2022-07-16 16:12:55', '2022-07-16 19:12:07', 'SELESAI', 'Lengkap', 'uploads/2022071619120712.pdf', 'uploads/2022071619120711.pdf'),
(15, 53, 'KAB/KOTA', 'MASUK', 'uploads/202207161605341.pdf', 'uploads/202207161605342.pdf', 'uploads/202207161605343.pdf', 'uploads/202207161605344.pdf', 'uploads/202207161605345.pdf', 'uploads/202207161605346.pdf', 'uploads/202207161605347.pdf', 'uploads/202207161605348.pdf', 'uploads/202207161605349.pdf', 'uploads/2022071616053410.pdf', '2022-07-16 16:05:34', '2022-07-16 16:13:03', '2022-07-16 19:12:28', 'SELESAI', 'Lengkap', 'uploads/2022071619122812.pdf', 'uploads/2022071619122811.pdf'),
(16, 54, 'KAB/KOTA', 'MASUK', 'uploads/202207161606291.pdf', 'uploads/202207161606292.pdf', 'uploads/202207161606293.pdf', 'uploads/202207161606294.pdf', 'uploads/202207161606295.pdf', 'uploads/202207161606296.pdf', 'uploads/202207161606297.pdf', 'uploads/202207161606298.pdf', 'uploads/202207161606299.pdf', 'uploads/2022071616062910.pdf', '2022-07-16 16:06:29', '2022-07-16 16:12:26', '2022-07-16 19:10:49', 'SELESAI', 'Lengkap', 'uploads/2022071619104912.pdf', 'uploads/2022071619104911.pdf'),
(18, 55, 'KAB/KOTA', 'MASUK', 'uploads/202207161608341.pdf', 'uploads/202207161608342.pdf', 'uploads/202207161608343.pdf', 'uploads/202207161608344.pdf', 'uploads/202207161608345.pdf', 'uploads/202207161608346.pdf', 'uploads/202207161608347.pdf', 'uploads/202207161608348.pdf', 'uploads/202207161608349.pdf', 'uploads/2022071616083410.pdf', '2022-07-16 16:08:34', '2022-07-16 16:12:33', '2022-07-16 19:11:07', 'SELESAI', 'Lengkap', 'uploads/2022071619110712.pdf', 'uploads/2022071619110711.pdf'),
(19, 56, 'KAB/KOTA', 'MASUK', 'uploads/202207161609561.pdf', 'uploads/202207161609562.pdf', 'uploads/202207161609563.pdf', 'uploads/202207161609564.pdf', 'uploads/202207161609565.pdf', 'uploads/202207161609566.pdf', 'uploads/202207161609567.pdf', 'uploads/202207161609568.pdf', 'uploads/202207161609569.pdf', 'uploads/2022071616095610.pdf', '2022-07-16 16:09:56', '2022-07-16 16:12:39', '2022-07-16 19:11:23', 'SELESAI', 'Lengkap', 'uploads/2022071619112312.pdf', 'uploads/2022071619112311.pdf'),
(20, 57, 'KAB/KOTA', 'MASUK', 'uploads/202207161611031.pdf', 'uploads/202207161611032.pdf', 'uploads/202207161611033.pdf', 'uploads/202207161611034.pdf', 'uploads/202207161611035.pdf', 'uploads/202207161611036.pdf', 'uploads/202207161611037.pdf', 'uploads/202207161611038.pdf', 'uploads/202207161611039.pdf', 'uploads/2022071616110310.pdf', '2022-07-16 16:11:03', '2022-07-16 16:12:13', '2022-07-16 19:10:03', 'SELESAI', 'Lengkap', 'uploads/2022071619100312.pdf', 'uploads/2022071619100311.pdf'),
(21, 60, 'PROVINSI', 'MASUK', 'uploads/202207161938241.pdf', 'uploads/202207161938242.pdf', 'uploads/202207161938243.pdf', 'uploads/202207161938244.pdf', 'uploads/202207161938245.pdf', 'uploads/202207161938246.pdf', 'uploads/202207161938247.pdf', 'uploads/202207161938248.pdf', 'uploads/202207161938249.pdf', 'uploads/2022071619382410.pdf', '2022-07-16 19:38:24', '2022-07-16 20:01:34', '2022-07-16 20:10:22', 'SELESAI', '', 'uploads/2022071620102212.pdf', 'uploads/2022071620102211.pdf'),
(22, 61, 'PROVINSI', 'MASUK', 'uploads/202207161943341.pdf', 'uploads/202207161943342.pdf', 'uploads/202207161943343.pdf', 'uploads/202207161943344.pdf', 'uploads/202207161943345.pdf', 'uploads/202207161943346.pdf', 'uploads/202207161943347.pdf', 'uploads/202207161943348.pdf', 'uploads/202207161943349.pdf', 'uploads/2022071619433410.pdf', '2022-07-16 19:43:34', '2022-07-16 20:01:44', '2022-07-16 20:10:51', 'SELESAI', 'Lengkap', 'uploads/2022071620105112.pdf', 'uploads/2022071620105111.pdf'),
(23, 62, 'PROVINSI', 'MASUK', 'uploads/202207161944581.pdf', 'uploads/202207161944582.pdf', 'uploads/202207161944583.pdf', 'uploads/202207161944584.pdf', 'uploads/202207161944585.pdf', 'uploads/202207161944586.pdf', 'uploads/202207161944587.pdf', 'uploads/202207161944588.pdf', 'uploads/202207161944589.pdf', 'uploads/2022071619445810.pdf', '2022-07-16 19:44:58', '2022-07-16 20:01:25', '2022-07-16 20:10:01', 'SELESAI', '', 'uploads/2022071620100112.pdf', 'uploads/2022071620100111.pdf'),
(24, 63, 'PROVINSI', 'MASUK', 'uploads/202207161946051.pdf', 'uploads/202207161946052.pdf', 'uploads/202207161946053.pdf', 'uploads/202207161946054.pdf', 'uploads/202207161946055.pdf', 'uploads/202207161946056.pdf', 'uploads/202207161946057.pdf', 'uploads/202207161946058.pdf', 'uploads/202207161946059.pdf', 'uploads/2022071619460510.pdf', '2022-07-16 19:46:05', '2022-07-16 19:47:05', '2022-07-16 20:03:23', 'SELESAI', NULL, 'uploads/2022071620032312.pdf', 'uploads/2022071620032311.pdf'),
(25, 64, 'PROVINSI', 'MASUK', 'uploads/202207161947031.pdf', 'uploads/202207161947032.pdf', 'uploads/202207161947033.pdf', 'uploads/202207161947034.pdf', 'uploads/202207161947035.pdf', 'uploads/202207161947036.pdf', 'uploads/202207161947037.pdf', 'uploads/202207161947038.pdf', 'uploads/202207161947039.pdf', 'uploads/2022071619470310.pdf', '2022-07-16 19:47:03', '2022-07-16 20:01:51', '2022-07-16 20:11:23', 'SELESAI', 'Lengkap', 'uploads/2022071620112312.pdf', 'uploads/2022071620112311.pdf'),
(26, 65, 'PROVINSI', 'MASUK', 'uploads/202207161948141.pdf', 'uploads/202207161948142.pdf', 'uploads/202207161948143.pdf', 'uploads/202207161948144.pdf', 'uploads/202207161948145.pdf', 'uploads/202207161948146.pdf', 'uploads/202207161948147.pdf', 'uploads/202207161948148.pdf', 'uploads/202207161948149.pdf', 'uploads/2022071619481410.pdf', '2022-07-16 19:48:14', '2022-07-16 20:01:58', '2022-07-16 20:11:52', 'SELESAI', 'Lengkap', 'uploads/2022071620115212.pdf', 'uploads/2022071620115211.pdf'),
(27, 66, 'PROVINSI', 'MASUK', 'uploads/202207161949161.pdf', 'uploads/202207161949162.pdf', 'uploads/202207161949163.pdf', 'uploads/202207161949164.pdf', 'uploads/202207161949165.pdf', 'uploads/202207161949166.pdf', 'uploads/202207161949167.pdf', 'uploads/202207161949168.pdf', 'uploads/202207161949169.pdf', 'uploads/2022071619491610.pdf', '2022-07-16 19:49:16', '2022-07-16 20:02:04', '2022-07-16 20:12:11', 'SELESAI', 'Lengkap', 'uploads/2022071620121112.pdf', 'uploads/2022071620121111.pdf'),
(28, 67, 'PROVINSI', 'MASUK', 'uploads/202207161950321.pdf', 'uploads/202207161950322.pdf', 'uploads/202207161950323.pdf', 'uploads/202207161950324.pdf', 'uploads/202207161950325.pdf', 'uploads/202207161950326.pdf', 'uploads/202207161950327.pdf', 'uploads/202207161950328.pdf', 'uploads/202207161950329.pdf', 'uploads/2022071619503210.pdf', '2022-07-16 19:50:32', '2022-07-16 20:02:09', '2022-07-16 20:12:29', 'SELESAI', 'Lengkap', 'uploads/2022071620122912.pdf', 'uploads/2022071620122911.pdf'),
(29, 68, 'PROVINSI', 'KELUAR', 'uploads/202207162039071.pdf', 'uploads/202207162039072.pdf', 'uploads/202207162039073.pdf', 'uploads/202207162039074.pdf', 'uploads/202207162039075.pdf', 'uploads/202207162039076.pdf', 'uploads/202207162039077.pdf', 'uploads/202207162039078.pdf', 'uploads/202207162039079.pdf', 'uploads/2022071620390710.pdf', '2022-07-16 20:39:07', '2022-07-16 20:50:09', '2022-07-16 20:50:09', 'SELESAI', 'Lengkap', NULL, NULL),
(30, 69, 'PROVINSI', 'KELUAR', 'uploads/202207162040111.pdf', 'uploads/202207162040112.pdf', 'uploads/202207162040113.pdf', 'uploads/202207162040114.pdf', 'uploads/202207162040115.pdf', 'uploads/202207162040116.pdf', 'uploads/202207162040117.pdf', 'uploads/202207162040118.pdf', 'uploads/202207162040119.pdf', 'uploads/2022071620401110.pdf', '2022-07-16 20:40:11', '2022-07-16 20:50:02', '2022-07-16 20:50:02', 'SELESAI', 'Lengkap', NULL, NULL),
(31, 70, 'PROVINSI', 'KELUAR', 'uploads/202207162041171.pdf', 'uploads/202207162041172.pdf', 'uploads/202207162041173.pdf', 'uploads/202207162041174.pdf', 'uploads/202207162041175.pdf', 'uploads/202207162041176.pdf', 'uploads/202207162041177.pdf', 'uploads/202207162041178.pdf', 'uploads/202207162041179.pdf', 'uploads/2022071620411710.pdf', '2022-07-16 20:41:17', '2022-07-16 20:49:29', '2022-07-16 20:49:29', 'SELESAI', 'Lengkap', NULL, NULL),
(32, 71, 'PROVINSI', 'KELUAR', 'uploads/202207162042211.pdf', 'uploads/202207162042212.pdf', 'uploads/202207162042213.pdf', 'uploads/202207162042214.pdf', 'uploads/202207162042215.pdf', 'uploads/202207162042216.pdf', 'uploads/202207162042217.pdf', 'uploads/202207162042218.pdf', 'uploads/202207162042219.pdf', 'uploads/2022071620422110.pdf', '2022-07-16 20:42:21', '2022-07-16 20:49:22', '2022-07-16 20:49:22', 'SELESAI', 'Lengkap', NULL, NULL),
(33, 72, 'PROVINSI', 'KELUAR', 'uploads/202207162043461.pdf', 'uploads/202207162043462.pdf', 'uploads/202207162043463.pdf', 'uploads/202207162043464.pdf', 'uploads/202207162043465.pdf', 'uploads/202207162043466.pdf', 'uploads/202207162043467.pdf', 'uploads/202207162043468.pdf', 'uploads/202207162043469.pdf', 'uploads/2022071620434610.pdf', '2022-07-16 20:43:46', '2022-07-16 20:49:36', '2022-07-16 20:49:36', 'SELESAI', 'Lengkap', NULL, NULL),
(34, 73, 'PROVINSI', 'KELUAR', 'uploads/202207162045151.pdf', 'uploads/202207162045152.pdf', 'uploads/202207162045153.pdf', 'uploads/202207162045154.pdf', 'uploads/202207162045155.pdf', 'uploads/202207162045156.pdf', 'uploads/202207162045157.pdf', 'uploads/202207162045158.pdf', 'uploads/202207162045159.pdf', 'uploads/2022071620451510.pdf', '2022-07-16 20:45:15', '2022-07-16 20:49:55', '2022-07-16 20:49:55', 'SELESAI', 'Lengkap', NULL, NULL),
(35, 74, 'PROVINSI', 'KELUAR', 'uploads/202207162046271.pdf', 'uploads/202207162046272.pdf', 'uploads/202207162046273.pdf', 'uploads/202207162046274.pdf', 'uploads/202207162046275.pdf', 'uploads/202207162046276.pdf', 'uploads/202207162046277.pdf', 'uploads/202207162046278.pdf', 'uploads/202207162046279.pdf', 'uploads/2022071620462710.pdf', '2022-07-16 20:46:27', '2022-07-16 20:49:47', '2022-07-16 20:49:47', 'SELESAI', 'Lengkap', NULL, NULL),
(36, 75, 'PROVINSI', 'KELUAR', 'uploads/202207162047391.pdf', 'uploads/202207162047392.pdf', 'uploads/202207162047393.pdf', 'uploads/202207162047394.pdf', 'uploads/202207162047395.pdf', 'uploads/202207162047396.pdf', 'uploads/202207162047397.pdf', 'uploads/202207162047398.pdf', 'uploads/202207162047399.pdf', 'uploads/2022071620473910.pdf', '2022-07-16 20:47:39', '2022-07-16 20:49:42', '2022-07-16 20:49:42', 'SELESAI', 'Lengkap', NULL, NULL);


CREATE TABLE `spj` (
    id INT NOT NULL AUTO_INCREMENT,
    id_pegawai INT NOT NULL,
    urusan_pemerintah VARCHAR(255) NOT NULL,
    program VARCHAR(255) NOT NULL,
    keperluan VARCHAR(255) NOT NULL,
    kode_rekening VARCHAR(255) NOT NULL,
    unit_organisasi VARCHAR(255) NOT NULL,
    sub_unit_organisasi VARCHAR(255) NOT NULL,
    kegiatan VARCHAR(255) NOT NULL,
    jumlah_uang BIGINT NOT NULL,
    tanggal_kegiatan DATE NOT NULL,
    jenis_spj ENUM('MUTASI', 'KENAIKAN PANGKAT') NOT NULL,
    PRIMARY KEY(id),
    FOREIGN KEY (id_pegawai) REFERENCES pegawai (id)
);

INSERT INTO `spj` (`id`, `id_pegawai`, `urusan_pemerintah`, `program`, `keperluan`, `kode_rekening`, `unit_organisasi`, `sub_unit_organisasi`, `kegiatan`, `jumlah_uang`, `tanggal_kegiatan`, `jenis_spj`) VALUES
(1, 3, 'urusan pemerintahan penunjang', 'pelayanan administrasi kepegawaian', 'melakukan mutasi', '12345', 'Badan Kepegawaian dan pengembangan SDM', 'SUb bidang mutasi dan Kepangkatan', 'Kenaikan Pangkat PNS', 500000, '2022-07-14', 'KENAIKAN PANGKAT'),
(2, 1, 'perpindahan urusan', 'pelayanan administrasi kepegawaian', 'ooiiok', '09877', 'Badan Kepegawaian dan pengembangan SDM', 'SUb bidang mutasi dan Kepangkatan', 'Kenaikan Pangkat PNS', 10000, '2022-07-13', 'KENAIKAN PANGKAT'),
(3, 2, 'urusan pemerintahan penunjang kepegawaian', 'pelayanan administrasi kepegawaian', 'belanja snack dan makan siang', '09877', 'Badan Kepegawaian dan pengembangan SDM', 'Sub bidang mutasi dan Kepangkatan', 'mutasi', 100000, '2022-07-01', 'KENAIKAN PANGKAT'),
(4, 4, 'urusan pemerintahan penunjang kepegawaian', 'perpindahan pns', 'untuk alat tulis pencetakan', '1.0.9.88', 'Badan Kepegawaian dan pengembangan SDM', 'SUb bidang mutasi dan Kepangkatan', 'mutasi', 2500000, '2022-07-13', 'MUTASI'),
(5, 1, 'urusan pemerintahan penunjang kepegawaian', 'pelayanan administrasi kepegawaian', 'Belanja Alat Tulis Kantor untuk Kegiatan Satu Atap Verifikasi Berkas Usul Kenaikan Pangkat Periode 01 April 2022 dengan BKN Regional VIII dan BKD Provinsi Kalimantan Selatan ', '5.2.2.01.01', 'Badan Kepegawaian dan pengembangan SDM', 'SUb bidang mutasi dan Kepangkatan', 'Penataan Sistem Administrasi Kenaikan Pangkat Otomatis', 952000, '2022-01-23', 'KENAIKAN PANGKAT'),
(6, 4, 'urusan pemerintahan penunjang kepegawaian', 'Pelayanan administrasi kepegawaian', 'Belanja bahan kelengkapan komputer untuk kegiatan satu atap Verifikasi berkas usul kenaikan pangkat peride 01 oktober 2021 denga BKN Regional VIII dan BKD Provinsi Kalimantan Selatan  ', '5.2.2.02.09', 'Badan Kepegawaian dan pengembangan SDM', 'SUb bidang mutasi dan Kepangkatan', 'Penataan Sistem Administrasi Kenaikan Pangkat Otomatis PNS', 960000, '2021-02-10', 'KENAIKAN PANGKAT'),
(7, 5, 'Urusan Pemerintahan Penunjang Kepegawaian', 'Pelayanan Kdministrasi kepegawaian', 'Belanja alat tulis kantor ', '5.2.2.01.01', 'Badan Kepegawaian dan Pengembangan SDM', 'Sub Bidang Mutasi dan Kepangkatan', 'Penataan Sistem Administrasi Kenaikan Pangkat Otomatis PNS', 952000, '2021-08-12', 'KENAIKAN PANGKAT'),
(8, 5, 'Urusan pemerintahan penunjang kepegawaian', 'Pelayanan administrasi kepegawaian', 'Belanja Penggandaan', '5.2.2.06.02', 'Badan Kepegawaian dan pengembangan SDM', 'Sub bidang mutasi dan Kepangkatan', 'Penataan Sistem Administrasi Kenaikan Pangkat Otomatis PNS', 500000, '2022-01-10', 'KENAIKAN PANGKAT'),
(9, 4, 'Urusan pemerintahan penunjang kepegawaian', 'Pelayanan administrasi kepegawaian', 'Belanja alat tulis kantor', '5.2.2.01.01', 'Badan Kepegawaian dan Pengembangan SDM', 'Sub Bidang Mutasi dan Kepangkatan', 'Penataan Sistem Administrasi Kenaikan Pangkat Otomatis PNS', 854600, '2021-01-20', 'KENAIKAN PANGKAT'),
(10, 4, 'Urusan pemerintahan penunjang kepegawaian', 'Pelayanan administrasi kepegawaian', 'Belanja makan minum acara seleksi mutasi masuk ke kab.banjar', '5.2.2.2.11.05', 'Badan Kepegawaian dan Pengembangan SDM', 'Sub Bidang Mutasi dan Kepangkatan', 'Penempatan PNS', 950000, '2021-05-20', 'MUTASI'),
(11, 1, 'Urusan pemerintahan penunjang kepegawaian', 'Penataan Aparatur', 'Belanja alat tulis untuk wawancara mutasi keluar kab.banjar', '5.2.2..11.05', 'Badan Kepegawaian dan pengembangan SDM', 'Sub Bidang Mutasi dan Kepangkatan', 'Penempatan PNS', 800000, '2021-07-10', 'MUTASI'),
(12, 1, 'Urusan pemerintahan penunjang kepegawaian', 'Penataan Aparatur', 'Belanja makan dan minum untuk peserta tes mutasi', '5.2.2.01.01', 'Badan Kepegawaian dan Pengembangan SDM', 'Sub Bidang Mutasi dan Kepangkatan', 'Penempatan PNS', 1500000, '2022-02-11', 'MUTASI'),
(13, 5, 'urusan pemerintahan penunjang kepegawaian', 'Penataan Aparatur', 'pembelian alat kantor untuk mutasi', '2.0.099', 'Badan Kepegawaian dan Pengembangan SDM', 'Sub Bidang Mutasi dan Kepangkatan', 'Penempatan PNS', 500000, '2022-05-25', 'MUTASI'),
(14, 1, 'Urusan pemerintahan penunjang kepegawaian', 'Pelayanan administrasi kepegawaian', 'Belanja makan dan minum acara seleksi mutasi keluar kab.banjar', '5.2.2.01.01', 'Badan Kepegawaian dan Pengembangan SDM', 'Sub Bidang Mutasi dan Kepangkatan', 'Penempatan PNS', 965000, '2022-01-22', 'MUTASI'),
(15, 5, 'Urusan pemerintahan penunjang kepegawaian', 'Pelayanan administrasi kepegawaian', 'Belanja makan dan minum seleksi wawancara mutasi', '5.2.2.01.01', 'Badan Kepegawaian dan Pengembangan SDM', 'Sub Bidang Mutasi dan Kepangkatan', 'Penempatan PNS', 750000, '2021-11-23', 'MUTASI'),
(16, 1, 'Urusan pemerintahan penunjang kepegawaian', 'Penataan Aparatur', 'Belanja peralatan kantor untuk acara mutasi', '5.2.2.11.05', 'Badan Kepegawaian dan Pengembangan SDM', 'Sub Bidang Mutasi dan Kepangkatan', 'Penempatan PNS', 1000000, '2021-12-01', 'MUTASI');
